(((((((((((((string(truc.width) + ';') + string(truc.height)) + ';') + string(truc.activated_at)) + ';') + string(truc.speed)) + ';') + string(truc.tiv)) + ';') + truc.location.x) + ':') + truc.location.y) + ':') + truc.location.z
3.0,7.0,2.428118406530099,31.0,2.428118406530099,4652.572627816505:2453.786642591314:0.0
3.0,8.0,6.938820371234474,18.0,4.438820371234474,4652.572627816505:2453.786642591314:0.0
2.0,5.0,10.89519262798759,23.0,3.8951926279875897,4652.572627816505:2453.786642591314:0.0
2.0,5.0,13.314591238275083,19.0,2.3645912382750844,4652.572627816505:2453.786642591314:0.0
2.0,5.0,17.07244298621657,19.0,3.6724429862165673,4652.572627816505:2453.786642591314:0.0
3.0,8.0,24.875771656736923,14.0,7.725771656736926,4652.572627816505:2453.786642591314:0.0
3.0,8.0,32.45637064651039,18.0,7.506370646510397,4652.572627816505:2453.786642591314:0.0
3.0,7.0,36.59276285221381,21.0,4.0427628522138095,4652.572627816505:2453.786642591314:0.0
3.0,7.0,47.312064964526044,13.0,10.66206496452605,4652.572627816505:2453.786642591314:0.0
3.0,8.0,49.06353733073464,22.0,1.0135373307346442,4652.572627816505:2453.786642591314:0.0
2.0,5.0,50.47295217670126,22.0,1.3229521767012669,4652.572627816505:2453.786642591314:0.0
3.0,7.0,61.39046994457613,21.0,10.840469944576133,4652.572627816505:2453.786642591314:0.0
3.0,7.0,64.04488252338952,21.0,2.5948825233895203,4652.572627816505:2453.786642591314:0.0
2.0,5.0,66.13132051729356,22.0,2.031320517293563,4652.572627816505:2453.786642591314:0.0
3.0,7.0,66.83206292752158,27.0,0.6320629275215692,4652.572627816505:2453.786642591314:0.0
3.0,8.0,70.1150720596049,21.0,3.215072059604897,4652.572627816505:2453.786642591314:0.0
2.0,5.0,70.63764433945337,20.0,0.4376443394533653,4652.572627816505:2453.786642591314:0.0
3.0,8.0,75.91123276384053,22.0,5.211232763840524,4652.572627816505:2453.786642591314:0.0
2.0,5.0,77.61014655392002,18.0,1.6101465539200241,4652.572627816505:2453.786642591314:0.0
3.0,7.0,78.61080690112097,19.0,0.9108069011209583,4652.572627816505:2453.786642591314:0.0
3.0,7.0,82.18703088486735,25.0,3.487030884867348,4652.572627816505:2453.786642591314:0.0
2.0,5.0,89.83731667710259,18.0,4.737316677102599,4652.572627816505:2453.786642591314:0.0
3.0,8.0,132.81262027497243,20.0,42.91262027497242,4652.572627816505:2453.786642591314:0.0
2.0,5.0,141.85128014781154,14.0,8.701280147811543,4652.572627816505:2453.786642591314:0.0
3.0,7.0,144.09165951874232,15.0,2.141659518742333,4652.572627816505:2453.786642591314:0.0
2.0,5.0,147.24318932832958,14.0,3.093189328329571,4652.572627816505:2453.786642591314:0.0
3.0,8.0,150.70695315266755,33.0,3.406953152667554,4652.572627816505:2453.786642591314:0.0
3.0,7.0,152.35465065270392,21.0,1.554650652703921,4652.572627816505:2453.786642591314:0.0
3.0,8.0,154.94725686778438,15.0,2.497256867784373,4652.572627816505:2453.786642591314:0.0
3.0,8.0,155.77415169398037,21.0,0.7741516939803719,4652.572627816505:2453.786642591314:0.0
3.0,7.0,157.03362814885676,19.0,1.183628148856776,4652.572627816505:2453.786642591314:0.0
3.0,8.0,160.5668011226165,13.0,3.466801122616514,4652.572627816505:2453.786642591314:0.0
3.0,7.0,161.11842660365969,15.0,0.46842660365967065,4652.572627816505:2453.786642591314:0.0
3.0,8.0,163.18067147254374,20.0,1.9806714725437342,4652.572627816505:2453.786642591314:0.0
2.0,5.0,166.36773840176429,19.0,3.117738401764274,4652.572627816505:2453.786642591314:0.0
3.0,7.0,172.38235790324703,21.0,2.2323579032470158,4652.572627816505:2453.786642591314:0.0
3.0,8.0,174.92374079569063,23.0,2.4737407956906416,4652.572627816505:2453.786642591314:0.0
2.0,5.0,185.58389175333775,19.0,10.583891753337747,4652.572627816505:2453.786642591314:0.0
3.0,7.0,187.72408782129773,32.0,2.0740878212977174,4652.572627816505:2453.786642591314:0.0
2.0,5.0,190.14658053431356,19.0,2.3465805343135577,4652.572627816505:2453.786642591314:0.0
2.0,5.0,191.2699236401213,24.0,1.0699236401213164,4652.572627816505:2453.786642591314:0.0
3.0,8.0,199.71330578620476,19.0,8.363305786204766,4652.572627816505:2453.786642591314:0.0
3.0,7.0,205.9820079300407,25.0,6.182007930040686,4652.572627816505:2453.786642591314:0.0
2.0,5.0,207.99970068879313,19.0,1.9497006887931103,4652.572627816505:2453.786642591314:0.0
3.0,8.0,209.6997646597539,26.0,1.6497646597538889,4652.572627816505:2453.786642591314:0.0
3.0,7.0,219.68020438781278,23.0,1.4802043878127862,4652.572627816505:2453.786642591314:0.0
3.0,7.0,221.8524848615227,18.0,2.102484861522697,4652.572627816505:2453.786642591314:0.0
3.0,7.0,223.98841612516767,13.0,2.0384161251676898,4652.572627816505:2453.786642591314:0.0
2.0,5.0,226.92265610871686,24.0,2.8726561087168605,4652.572627816505:2453.786642591314:0.0
3.0,8.0,228.15649455571872,27.0,1.1564945557187127,4652.572627816505:2453.786642591314:0.0
2.0,5.0,231.39330310725876,26.0,3.143303107258758,4652.572627816505:2453.786642591314:0.0
2.0,5.0,231.921360347455,25.0,0.47136034745499206,4652.572627816505:2453.786642591314:0.0
2.0,5.0,234.9903379715642,20.0,2.9903379715641876,4652.572627816505:2453.786642591314:0.0
3.0,7.0,236.49465463471947,21.0,1.4446546347194495,4652.572627816505:2453.786642591314:0.0
3.0,7.0,238.17404872803868,17.0,1.624048728038662,4652.572627816505:2453.786642591314:0.0
3.0,7.0,243.3611351373863,29.0,5.111135137386287,4652.572627816505:2453.786642591314:0.0
3.0,8.0,246.7134447222151,24.0,3.2634447222151093,4652.572627816505:2453.786642591314:0.0
2.0,5.0,262.85545471031884,25.0,53.10545471031885,4652.572627816505:2453.786642591314:0.0
3.0,8.0,263.9347712646465,26.0,0.9847712646465009,4652.572627816505:2453.786642591314:0.0
2.0,5.0,269.3547858308599,25.0,5.3547858308599,4652.572627816505:2453.786642591314:0.0
3.0,7.0,304.26943370773114,19.0,1.0194337077311122,4652.572627816505:2453.786642591314:0.0
3.0,8.0,306.91966274626,20.0,2.569662746259944,4652.572627816505:2453.786642591314:0.0
3.0,8.0,307.95225632668206,22.0,0.9522563266820685,4652.572627816505:2453.786642591314:0.0
3.0,8.0,313.66291387163477,18.0,5.612913871634772,4652.572627816505:2453.786642591314:0.0
3.0,8.0,314.24497017091295,21.0,0.49497017091292544,4652.572627816505:2453.786642591314:0.0
3.0,7.0,339.43646517296816,20.0,25.136465172968155,4652.572627816505:2453.786642591314:0.0
2.0,5.0,343.3672199814413,18.0,3.1172199814412576,4652.572627816505:2453.786642591314:0.0
3.0,7.0,352.6266267714127,17.0,9.17662677141274,4652.572627816505:2453.786642591314:0.0
3.0,8.0,354.47711772331763,26.0,1.7771177233176476,4652.572627816505:2453.786642591314:0.0
3.0,7.0,356.0029501651083,22.0,1.4529501651082706,4652.572627816505:2453.786642591314:0.0
2.0,5.0,385.02715192626954,25.0,28.92715192626951,4652.572627816505:2453.786642591314:0.0
3.0,7.0,386.4544299326892,18.0,1.3544299326892035,4652.572627816505:2453.786642591314:0.0
3.0,7.0,401.9942316807291,14.0,13.694231680729082,4652.572627816505:2453.786642591314:0.0
3.0,8.0,411.60149304725763,19.0,9.551493047257603,4652.572627816505:2453.786642591314:0.0
3.0,8.0,413.0634237820912,24.0,1.3634237820912167,4652.572627816505:2453.786642591314:0.0
3.0,8.0,415.9365883197804,13.0,2.7865883197804155,4652.572627816505:2453.786642591314:0.0
3.0,7.0,417.7982445460113,19.0,1.798244546011275,4652.572627816505:2453.786642591314:0.0
3.0,8.0,421.24476078289496,20.0,3.3947607828949535,4652.572627816505:2453.786642591314:0.0
3.0,8.0,423.2524736276718,17.0,1.952473627671803,4652.572627816505:2453.786642591314:0.0
2.0,5.0,428.09646615148097,19.0,2.796466151480984,4652.572627816505:2453.786642591314:0.0
2.0,5.0,429.70524219352643,22.0,1.555242193526443,4652.572627816505:2453.786642591314:0.0
3.0,8.0,432.9840940113542,15.0,3.184094011354232,4652.572627816505:2453.786642591314:0.0
3.0,8.0,434.4431333781724,12.0,1.3931333781723678,4652.572627816505:2453.786642591314:0.0
3.0,7.0,450.02695872107677,27.0,15.526958721076792,4652.572627816505:2453.786642591314:0.0
2.0,5.0,463.7791355764238,26.0,13.679135576423782,4652.572627816505:2453.786642591314:0.0
2.0,5.0,464.80617914896425,21.0,0.9561791489642264,4652.572627816505:2453.786642591314:0.0
2.0,5.0,466.7138088403204,20.0,1.8138088403203936,4652.572627816505:2453.786642591314:0.0
3.0,7.0,471.18179607075814,21.0,4.381796070758134,4652.572627816505:2453.786642591314:0.0
2.0,5.0,473.14306434813625,16.0,1.893064348136241,4652.572627816505:2453.786642591314:0.0
3.0,8.0,475.0969821667781,21.0,1.7469821667780623,4652.572627816505:2453.786642591314:0.0
3.0,8.0,476.8943091561005,18.0,1.7443091561005355,4652.572627816505:2453.786642591314:0.0
2.0,5.0,486.77615500052644,14.0,9.826155000526459,4652.572627816505:2453.786642591314:0.0
3.0,7.0,487.7307255534106,20.0,0.8807255534105534,4652.572627816505:2453.786642591314:0.0
3.0,8.0,503.4276254294952,22.0,15.627625429495186,4652.572627816505:2453.786642591314:0.0
2.0,5.0,506.8560343444788,19.0,3.3560343444788154,4652.572627816505:2453.786642591314:0.0
2.0,5.0,509.52418990778625,16.0,2.574189907786287,4652.572627816505:2453.786642591314:0.0
2.0,5.0,510.9374556748314,14.0,0.5874556748314016,4652.572627816505:2453.786642591314:0.0
2.0,5.0,512.571651200042,26.0,1.5716512000419887,4652.572627816505:2453.786642591314:0.0
2.0,5.0,513.6375253952243,25.0,0.987525395224285,4652.572627816505:2453.786642591314:0.0
3.0,8.0,518.9406263834635,17.0,5.240626383463503,4652.572627816505:2453.786642591314:0.0
2.0,5.0,521.2147025160457,21.0,2.2147025160456537,4652.572627816505:2453.786642591314:0.0
3.0,8.0,531.173195135236,26.0,9.873195135236026,4652.572627816505:2453.786642591314:0.0
2.0,5.0,536.6694825580893,20.0,5.419482558089282,4652.572627816505:2453.786642591314:0.0
3.0,8.0,541.0040479899147,23.0,4.254047989914766,4652.572627816505:2453.786642591314:0.0
3.0,7.0,547.795766881351,22.0,6.695766881351032,4652.572627816505:2453.786642591314:0.0
2.0,5.0,553.5167831304176,18.0,5.666783130417531,4652.572627816505:2453.786642591314:0.0
3.0,7.0,555.8561372334026,12.0,2.256137233402545,4652.572627816505:2453.786642591314:0.0
2.0,5.0,556.3687760241795,19.0,0.4187760241794918,4652.572627816505:2453.786642591314:0.0
3.0,8.0,560.4410755117152,18.0,2.041075511715187,4652.572627816505:2453.786642591314:0.0
2.0,5.0,562.2618946010359,17.0,1.7618946010359762,4652.572627816505:2453.786642591314:0.0
3.0,7.0,565.6590325945432,19.0,3.3090325945432104,4652.572627816505:2453.786642591314:0.0
3.0,8.0,569.0123844780775,22.0,3.262384478077435,4652.572627816505:2453.786642591314:0.0
3.0,7.0,570.1433543209827,19.0,1.0433543209826899,4652.572627816505:2453.786642591314:0.0
3.0,8.0,575.5143121096705,15.0,5.314312109670521,4652.572627816505:2453.786642591314:0.0
3.0,7.0,577.99142598364,22.0,2.391425983640066,4652.572627816505:2453.786642591314:0.0
2.0,5.0,580.6339925559199,23.0,2.583992555919978,4652.572627816505:2453.786642591314:0.0
3.0,8.0,587.3969991718398,22.0,6.696999171839694,4652.572627816505:2453.786642591314:0.0
3.0,8.0,590.1385425270986,17.0,2.688542527098601,4652.572627816505:2453.786642591314:0.0
2.0,5.0,591.634900327427,17.0,1.4349003274269283,4652.572627816505:2453.786642591314:0.0
3.0,7.0,607.0238558452036,20.0,11.62385584520362,4652.572627816505:2453.786642591314:0.0
3.0,7.0,613.0266411454458,36.0,5.926641145445736,4652.572627816505:2453.786642591314:0.0
3.0,8.0,646.6960567009991,25.0,3.246056700999,4652.572627816505:2453.786642591314:0.0
3.0,7.0,650.319052122583,22.0,3.569052122582956,4652.572627816505:2453.786642591314:0.0
3.0,7.0,651.1091514715772,19.0,0.7091514715772467,4652.572627816505:2453.786642591314:0.0
2.0,5.0,653.808847706736,29.0,2.6088477067359253,4652.572627816505:2453.786642591314:0.0
2.0,5.0,656.0318952129031,22.0,2.1318952129030952,4652.572627816505:2453.786642591314:0.0
2.0,5.0,656.7543478547908,21.0,0.6543478547908408,4652.572627816505:2453.786642591314:0.0
2.0,5.0,659.0294567786309,12.0,2.1794567786309194,4652.572627816505:2453.786642591314:0.0
3.0,8.0,662.1920224496616,26.0,3.0920224496616364,4652.572627816505:2453.786642591314:0.0
3.0,8.0,663.7645977326231,22.0,1.5145977326230387,4652.572627816505:2453.786642591314:0.0
3.0,8.0,668.0715732490949,24.0,4.221573249094823,4652.572627816505:2453.786642591314:0.0
3.0,8.0,671.0760414145115,14.0,2.926041414511424,4652.572627816505:2453.786642591314:0.0
3.0,7.0,671.8255422718833,16.0,0.6755422718832613,4652.572627816505:2453.786642591314:0.0
3.0,8.0,675.1141645708228,18.0,3.2141645708228945,4652.572627816505:2453.786642591314:0.0
3.0,8.0,683.9746588596311,23.0,70.8746588596311,4652.572627816505:2453.786642591314:0.0
2.0,5.0,686.498558742877,26.0,2.4485587428770548,4652.572627816505:2453.786642591314:0.0
3.0,7.0,695.8126792499423,22.0,9.262679249942435,4652.572627816505:2453.786642591314:0.0
2.0,5.0,697.8863392209954,21.0,1.9863392209953792,4652.572627816505:2453.786642591314:0.0
2.0,5.0,707.9218140796861,27.0,9.97181407968603,4652.572627816505:2453.786642591314:0.0
3.0,8.0,720.1076780476291,10.0,12.107678047629111,4652.572627816505:2453.786642591314:0.0
3.0,8.0,727.2325266417496,23.0,7.032526641749506,4652.572627816505:2453.786642591314:0.0
3.0,7.0,728.2361767621434,25.0,0.9361767621433869,4652.572627816505:2453.786642591314:0.0
2.0,5.0,734.0363060565717,25.0,5.536306056571691,4652.572627816505:2453.786642591314:0.0
3.0,7.0,734.9259765294505,22.0,0.8259765294504968,4652.572627816505:2453.786642591314:0.0
3.0,7.0,737.1105748109901,26.0,2.1105748109900713,4652.572627816505:2453.786642591314:0.0
2.0,5.0,741.0478974241398,28.0,3.8478974241397306,4652.572627816505:2453.786642591314:0.0
2.0,5.0,743.8867555324892,18.0,2.7867555324892685,4652.572627816505:2453.786642591314:0.0
2.0,5.0,745.1845288409336,17.0,1.234528840933564,4652.572627816505:2453.786642591314:0.0
3.0,8.0,751.4722818760519,26.0,6.222281876051852,4652.572627816505:2453.786642591314:0.0
3.0,7.0,757.9725346302482,14.0,6.422534630248224,4652.572627816505:2453.786642591314:0.0
3.0,8.0,758.4982538438252,20.0,0.44825384382524097,4652.572627816505:2453.786642591314:0.0
3.0,8.0,760.6913092901239,22.0,2.141309290123858,4652.572627816505:2453.786642591314:0.0
3.0,7.0,763.3919696382188,25.0,2.6419696382188267,4652.572627816505:2453.786642591314:0.0
2.0,5.0,768.2805069604435,21.0,2.7805069604434953,4652.572627816505:2453.786642591314:0.0
2.0,5.0,787.4676748846693,20.0,19.117674884669345,4652.572627816505:2453.786642591314:0.0
3.0,7.0,792.7908538129444,26.0,5.240853812944416,4652.572627816505:2453.786642591314:0.0
3.0,7.0,795.1499804626544,16.0,2.2999804626544194,4652.572627816505:2453.786642591314:0.0
3.0,7.0,800.2846510537302,14.0,5.084651053730089,4652.572627816505:2453.786642591314:0.0
2.0,5.0,803.0497240183794,21.0,2.6997240183793787,4652.572627816505:2453.786642591314:0.0
3.0,7.0,808.4154372485801,22.0,5.315437248580056,4652.572627816505:2453.786642591314:0.0
3.0,8.0,810.9550979404127,18.0,2.4550979404126303,4652.572627816505:2453.786642591314:0.0
2.0,5.0,814.4073683219445,22.0,0.8573683219446087,4652.572627816505:2453.786642591314:0.0
2.0,5.0,816.6585492073415,18.0,2.1585492073414265,4652.572627816505:2453.786642591314:0.0
2.0,5.0,816.9474309938131,23.0,0.1974309938130977,4652.572627816505:2453.786642591314:0.0
2.0,5.0,819.7866210636006,21.0,2.7866210636005455,4652.572627816505:2453.786642591314:0.0
3.0,8.0,820.5627448521624,22.0,0.7127448521623359,4652.572627816505:2453.786642591314:0.0
3.0,8.0,823.6263871286012,25.0,2.9763871286012344,4652.572627816505:2453.786642591314:0.0
2.0,5.0,826.3874914431198,16.0,2.6874914431197134,4652.572627816505:2453.786642591314:0.0
3.0,8.0,827.3357766382248,26.0,0.8857766382248122,4652.572627816505:2453.786642591314:0.0
3.0,8.0,831.1614889509077,22.0,3.761488950907679,4652.572627816505:2453.786642591314:0.0
3.0,8.0,832.5756381994364,18.0,1.3256381994364168,4652.572627816505:2453.786642591314:0.0
3.0,8.0,835.2721794385948,20.0,2.6221794385948107,4652.572627816505:2453.786642591314:0.0
3.0,7.0,842.9776632303965,10.0,7.627663230396504,4652.572627816505:2453.786642591314:0.0
2.0,5.0,845.425820133404,15.0,2.3758201334040847,4652.572627816505:2453.786642591314:0.0
2.0,5.0,848.6772188029547,12.0,3.1772188029547306,4652.572627816505:2453.786642591314:0.0
3.0,8.0,852.5303650101507,24.0,1.9803650101507626,4652.572627816505:2453.786642591314:0.0
2.0,5.0,859.5810494090144,13.0,6.981049409014388,4652.572627816505:2453.786642591314:0.0
2.0,5.0,868.9941678165516,29.0,9.344167816551561,4652.572627816505:2453.786642591314:0.0
3.0,8.0,871.0558586479937,29.0,2.005858647993651,4652.572627816505:2453.786642591314:0.0
3.0,7.0,900.0695134681284,20.0,1.469513468128398,4652.572627816505:2453.786642591314:0.0
3.0,8.0,903.9577759427989,26.0,3.807775942798954,4652.572627816505:2453.786642591314:0.0
3.0,8.0,905.3296269628752,20.0,1.2796269628752528,4652.572627816505:2453.786642591314:0.0
2.0,5.0,911.9858569886692,14.0,6.5858569886691845,4652.572627816505:2453.786642591314:0.0
2.0,5.0,913.126634757932,22.0,1.07663475793204,4652.572627816505:2453.786642591314:0.0
2.0,5.0,925.8789658332364,14.0,12.678965833236335,4652.572627816505:2453.786642591314:0.0
2.0,5.0,927.955905084674,15.0,2.005905084673924,4652.572627816505:2453.786642591314:0.0
2.0,5.0,932.6736919259071,28.0,4.623691925907133,4652.572627816505:2453.786642591314:0.0
3.0,8.0,934.1160420269663,24.0,1.3660420269662308,4652.572627816505:2453.786642591314:0.0
2.0,5.0,939.8295690662236,28.0,4.229569066223525,4652.572627816505:2453.786642591314:0.0
3.0,8.0,942.5088446861508,15.0,2.6088446861508308,4652.572627816505:2453.786642591314:0.0
3.0,7.0,943.6055681449744,21.0,1.0055681449744136,4652.572627816505:2453.786642591314:0.0
3.0,7.0,945.4495820248269,24.0,1.7495820248268728,4652.572627816505:2453.786642591314:0.0
2.0,5.0,947.8021973798675,14.0,2.302197379867521,4652.572627816505:2453.786642591314:0.0
2.0,5.0,949.6966725473321,30.0,1.7966725473321614,4652.572627816505:2453.786642591314:0.0
3.0,7.0,954.5433173716532,22.0,4.793317371653236,4652.572627816505:2453.786642591314:0.0
3.0,8.0,960.3394872152162,21.0,5.739487215216164,4652.572627816505:2453.786642591314:0.0
3.0,7.0,965.8597740209751,23.0,5.45977402097513,4652.572627816505:2453.786642591314:0.0
3.0,7.0,967.6039461197096,22.0,1.6539461197094938,4652.572627816505:2453.786642591314:0.0
3.0,7.0,968.2377014744621,12.0,0.5377014744620986,4652.572627816505:2453.786642591314:0.0
3.0,7.0,970.4611352141509,26.0,2.161135214150969,4652.572627816505:2453.786642591314:0.0
2.0,5.0,973.223433162087,16.0,2.6734331620869662,4652.572627816505:2453.786642591314:0.0
3.0,8.0,976.0940256825718,24.0,2.794025682571788,4652.572627816505:2453.786642591314:0.0
3.0,8.0,980.3666773847503,20.0,4.216677384750355,4652.572627816505:2453.786642591314:0.0
3.0,7.0,988.7404555563849,22.0,5.090455556384881,4652.572627816505:2453.786642591314:0.0
3.0,7.0,989.5406444567916,22.0,0.7406444567916797,4652.572627816505:2453.786642591314:0.0
3.0,8.0,991.772748650762,12.0,2.172748650761892,4652.572627816505:2453.786642591314:0.0
3.0,7.0,995.4406211817071,21.0,3.5906211817071045,4652.572627816505:2453.786642591314:0.0
3.0,8.0,998.4443525020783,21.0,2.9443525020783747,4652.572627816505:2453.786642591314:0.0
2.0,5.0,999.602646651091,28.0,1.102646651091104,4652.572627816505:2453.786642591314:0.0
3.0,7.0,1003.695643328466,19.0,3.9956433284659623,4652.572627816505:2453.786642591314:0.0
2.0,5.0,1005.994891156087,16.0,2.2448911560869367,4652.572627816505:2453.786642591314:0.0
3.0,7.0,1007.8107040398395,21.0,1.7607040398395033,4652.572627816505:2453.786642591314:0.0
3.0,8.0,1009.1299756648027,19.0,1.229975664802746,4652.572627816505:2453.786642591314:0.0
3.0,8.0,1010.8535589123562,29.0,1.65355891235616,4652.572627816505:2453.786642591314:0.0
2.0,5.0,1014.8906533269131,20.0,3.9406533269130906,4652.572627816505:2453.786642591314:0.0
2.0,5.0,1018.3587856245761,12.0,3.408785624576067,4652.572627816505:2453.786642591314:0.0
3.0,7.0,1019.7821988065161,20.0,1.3321988065160526,4652.572627816505:2453.786642591314:0.0
3.0,8.0,1022.3026896510994,19.0,1.6526896510994125,4652.572627816505:2453.786642591314:0.0
3.0,7.0,1025.0142239004174,28.0,2.6142239004173957,4652.572627816505:2453.786642591314:0.0
2.0,5.0,1027.6415153819637,17.0,2.541515381963782,4652.572627816505:2453.786642591314:0.0
2.0,5.0,1028.726103237086,20.0,1.026103237085868,4652.572627816505:2453.786642591314:0.0
2.0,5.0,1032.8848647477691,16.0,4.084864747769095,4652.572627816505:2453.786642591314:0.0
2.0,5.0,1038.192975895872,15.0,5.242975895872058,4652.572627816505:2453.786642591314:0.0
3.0,8.0,1047.750697711492,14.0,9.500697711492025,4652.572627816505:2453.786642591314:0.0
3.0,8.0,1054.8224107209467,13.0,6.972410720946866,4652.572627816505:2453.786642591314:0.0
2.0,5.0,1057.389002364547,19.0,2.489002364546989,4652.572627816505:2453.786642591314:0.0
2.0,5.0,1059.0338972141183,15.0,1.5838972141182288,4652.572627816505:2453.786642591314:0.0
3.0,7.0,1060.8604132341943,25.0,1.7604132341945158,4652.572627816505:2453.786642591314:0.0
3.0,8.0,1061.3662800281259,22.0,0.41628002812583176,4652.572627816505:2453.786642591314:0.0
3.0,8.0,1069.6583609329457,21.0,0.9583609329457492,4652.572627816505:2453.786642591314:0.0
3.0,7.0,1071.9022098347318,22.0,2.1522098347317504,4652.572627816505:2453.786642591314:0.0
3.0,8.0,1074.9158274513577,18.0,2.9158274513577505,4652.572627816505:2453.786642591314:0.0
3.0,7.0,1079.9282409847476,25.0,4.928240984747613,4652.572627816505:2453.786642591314:0.0
3.0,8.0,1085.2280096119016,18.0,5.228009611901679,4652.572627816505:2453.786642591314:0.0
3.0,7.0,1099.4353285973477,25.0,14.135328597347755,4652.572627816505:2453.786642591314:0.0
2.0,5.0,1101.4159551362,24.0,1.9159551362000462,4652.572627816505:2453.786642591314:0.0
3.0,8.0,1103.9437581475613,27.0,2.443758147561278,4652.572627816505:2453.786642591314:0.0
3.0,7.0,1111.235861003931,21.0,5.535861003930948,4652.572627816505:2453.786642591314:0.0
3.0,8.0,1132.3448919118425,21.0,21.04489191184264,4652.572627816505:2453.786642591314:0.0
2.0,5.0,1134.5711714943,16.0,2.1711714942999474,4652.572627816505:2453.786642591314:0.0
2.0,5.0,1140.3937225140965,24.0,5.743722514096394,4652.572627816505:2453.786642591314:0.0
2.0,5.0,1148.2198332062153,22.0,7.7698332062152495,4652.572627816505:2453.786642591314:0.0
3.0,8.0,1150.7840450220228,24.0,2.4840450220227708,4652.572627816505:2453.786642591314:0.0
2.0,5.0,1155.0754247814048,24.0,1.32542478140476,4652.572627816505:2453.786642591314:0.0
3.0,7.0,1157.93517444092,17.0,2.7851744409199513,4652.572627816505:2453.786642591314:0.0
3.0,8.0,1159.02543925093,23.0,1.025439250930108,4652.572627816505:2453.786642591314:0.0
3.0,7.0,1160.944994104957,20.0,1.8449941049571943,4652.572627816505:2453.786642591314:0.0
2.0,5.0,1165.8832511651217,34.0,4.883251165121743,4652.572627816505:2453.786642591314:0.0
3.0,8.0,1166.5390652582128,24.0,0.5890652582127969,4652.572627816505:2453.786642591314:0.0
3.0,7.0,1167.9272735900227,19.0,1.3272735900227228,4652.572627816505:2453.786642591314:0.0
3.0,7.0,1170.9480998740034,25.0,2.948099874003525,4652.572627816505:2453.786642591314:0.0
3.0,8.0,1171.8345457280548,14.0,0.8345457280547002,4652.572627816505:2453.786642591314:0.0
3.0,8.0,1219.9246723740582,27.0,29.174672374058215,4652.572627816505:2453.786642591314:0.0
3.0,8.0,1220.4668827534806,22.0,0.4668827534807152,4652.572627816505:2453.786642591314:0.0
3.0,8.0,1249.069724694132,22.0,77.16972469413183,4652.572627816505:2453.786642591314:0.0
3.0,7.0,1256.880858768003,14.0,7.730858768002984,4652.572627816505:2453.786642591314:0.0
3.0,8.0,1259.9082804568511,23.0,2.958280456851143,4652.572627816505:2453.786642591314:0.0
3.0,8.0,1262.0741104151775,19.0,2.0741104151774166,4652.572627816505:2453.786642591314:0.0
3.0,7.0,1266.3682647990065,21.0,4.218264799006373,4652.572627816505:2453.786642591314:0.0
2.0,5.0,1268.6208238142221,28.0,2.170823814222108,4652.572627816505:2453.786642591314:0.0
2.0,5.0,1274.0726423061585,18.0,5.372642306158442,4652.572627816505:2453.786642591314:0.0
3.0,7.0,1275.6817960257515,10.0,1.5317960257513785,4652.572627816505:2453.786642591314:0.0
2.0,5.0,1278.446652099748,16.0,2.646652099747946,4652.572627816505:2453.786642591314:0.0
3.0,8.0,1280.2713294945322,22.0,1.7713294945322315,4652.572627816505:2453.786642591314:0.0
2.0,5.0,1286.6413043536147,24.0,6.291304353614827,4652.572627816505:2453.786642591314:0.0
3.0,7.0,1291.7122442479747,19.0,5.012244247974664,4652.572627816505:2453.786642591314:0.0
2.0,5.0,1293.284301576021,18.0,1.4843015760212106,4652.572627816505:2453.786642591314:0.0
3.0,8.0,1300.655658186778,25.0,7.305658186778124,4652.572627816505:2453.786642591314:0.0
2.0,5.0,1303.084892511793,20.0,2.3348925117929467,4652.572627816505:2453.786642591314:0.0
3.0,7.0,1307.2982898339671,15.0,4.148289833967015,4652.572627816505:2453.786642591314:0.0
2.0,5.0,1309.3349380551638,15.0,1.9849380551639582,4652.572627816505:2453.786642591314:0.0
2.0,5.0,1311.125753811099,19.0,1.7257538110988846,4652.572627816505:2453.786642591314:0.0
3.0,8.0,1312.9609471849633,20.0,1.7609471849633245,4652.572627816505:2453.786642591314:0.0
2.0,5.0,1315.2190707780585,24.0,2.1690707780586056,4652.572627816505:2453.786642591314:0.0
2.0,5.0,1317.5330488848779,21.0,2.233048884877865,4652.572627816505:2453.786642591314:0.0
3.0,8.0,1318.641455855433,30.0,1.0414558554329068,4652.572627816505:2453.786642591314:0.0
3.0,7.0,1329.2442811912492,11.0,5.444281191249193,4652.572627816505:2453.786642591314:0.0
3.0,7.0,1331.1208383641579,19.0,1.8208383641578925,4652.572627816505:2453.786642591314:0.0
3.0,7.0,1339.2790881924443,24.0,8.07908819244434,4652.572627816505:2453.786642591314:0.0
3.0,8.0,1342.8198269788743,14.0,3.469826978874268,4652.572627816505:2453.786642591314:0.0
2.0,5.0,1344.2189365325235,24.0,1.3189365325234184,4652.572627816505:2453.786642591314:0.0
3.0,7.0,1346.2296499508584,18.0,1.9296499508584115,4652.572627816505:2453.786642591314:0.0
2.0,5.0,1411.9814901042741,21.0,3.0814901042739486,4652.572627816505:2453.786642591314:0.0
3.0,7.0,1415.7868558805583,18.0,3.7368558805582404,4652.572627816505:2453.786642591314:0.0
3.0,7.0,1431.7354577005174,10.0,15.885457700517382,4652.572627816505:2453.786642591314:0.0
3.0,7.0,1433.9898963640333,18.0,2.189896364033362,4652.572627816505:2453.786642591314:0.0
3.0,7.0,1434.5822045734621,29.0,0.532204573462288,4652.572627816505:2453.786642591314:0.0
3.0,8.0,1437.1220452775456,16.0,2.472045277545427,4652.572627816505:2453.786642591314:0.0
3.0,8.0,1437.6325297010076,16.0,0.4325297010074367,4652.572627816505:2453.786642591314:0.0
2.0,5.0,1438.2579417551367,21.0,0.5579417551367563,4652.572627816505:2453.786642591314:0.0
2.0,5.0,1441.7849498418109,13.0,3.4349498418109254,4652.572627816505:2453.786642591314:0.0
2.0,5.0,1444.5413957375004,17.0,2.691395737500534,4652.572627816505:2453.786642591314:0.0
3.0,7.0,1461.522633382724,17.0,100.67263338272426,4652.572627816505:2453.786642591314:0.0
2.0,5.0,1465.317194535289,24.0,3.7171945352890954,4652.572627816505:2453.786642591314:0.0
2.0,5.0,1492.1951336284553,11.0,26.795133628455186,4652.572627816505:2453.786642591314:0.0
2.0,5.0,1495.4016993268094,17.0,1.451699326809415,4652.572627816505:2453.786642591314:0.0
3.0,8.0,1499.691904114877,22.0,4.191904114876896,4652.572627816505:2453.786642591314:0.0
3.0,7.0,1506.3669450270265,27.0,6.616945027026497,4652.572627816505:2453.786642591314:0.0
2.0,5.0,1507.1141091529853,21.0,0.6641091529851613,4652.572627816505:2453.786642591314:0.0
2.0,5.0,1509.3359399652627,12.0,2.135939965262615,4652.572627816505:2453.786642591314:0.0
2.0,5.0,1518.5875647371486,12.0,9.187564737148405,4652.572627816505:2453.786642591314:0.0
3.0,8.0,1523.4744072961907,25.0,4.824407296190746,4652.572627816505:2453.786642591314:0.0
2.0,5.0,1528.6266818335355,24.0,5.076681833535505,4652.572627816505:2453.786642591314:0.0
2.0,5.0,1534.2164744555257,17.0,3.266474455525743,4652.572627816505:2453.786642591314:0.0
2.0,5.0,1540.457827772443,21.0,6.157827772442861,4652.572627816505:2453.786642591314:0.0
3.0,7.0,1544.761409142349,18.0,4.211409142349062,4652.572627816505:2453.786642591314:0.0
3.0,7.0,1548.327540107638,18.0,3.4775401076381836,4652.572627816505:2453.786642591314:0.0
3.0,8.0,1554.8388156295607,15.0,6.438815629560598,4652.572627816505:2453.786642591314:0.0
3.0,7.0,1560.9928199545682,18.0,6.092819954568022,4652.572627816505:2453.786642591314:0.0
3.0,7.0,1583.444689158425,12.0,4.444689158424937,4652.572627816505:2453.786642591314:0.0
3.0,7.0,1585.6992249029197,27.0,2.1992249029196675,4652.572627816505:2453.786642591314:0.0
2.0,5.0,1588.5243436638104,22.0,2.774343663810543,4652.572627816505:2453.786642591314:0.0
3.0,8.0,1589.5627785412157,17.0,0.9627785412158267,4652.572627816505:2453.786642591314:0.0
3.0,8.0,1590.9275159450322,15.0,1.2775159450319673,4652.572627816505:2453.786642591314:0.0
3.0,8.0,1596.1113945841457,23.0,5.111394584145618,4652.572627816505:2453.786642591314:0.0
3.0,7.0,1598.1870206437557,24.0,1.9870206437555515,4652.572627816505:2453.786642591314:0.0
3.0,7.0,1600.3255896619833,14.0,2.075589661983222,4652.572627816505:2453.786642591314:0.0
2.0,5.0,1606.814984092999,21.0,6.414984092999093,4652.572627816505:2453.786642591314:0.0
2.0,5.0,1608.4416476769334,30.0,1.541647676933368,4652.572627816505:2453.786642591314:0.0
3.0,8.0,1610.4422122275246,18.0,1.9422122275246092,4652.572627816505:2453.786642591314:0.0
3.0,8.0,1613.8373475909434,19.0,3.337347590943476,4652.572627816505:2453.786642591314:0.0
3.0,8.0,1620.121348165872,21.0,4.121348165871843,4652.572627816505:2453.786642591314:0.0
3.0,7.0,1624.3138949328038,15.0,4.1138949328038645,4652.572627816505:2453.786642591314:0.0
3.0,8.0,1627.3858195596508,13.0,2.9858195596507415,4652.572627816505:2453.786642591314:0.0
3.0,8.0,1630.5870558925126,16.0,3.1370558925125556,4652.572627816505:2453.786642591314:0.0
3.0,7.0,1640.6802435064656,26.0,10.030243506465546,4652.572627816505:2453.786642591314:0.0
3.0,7.0,1645.8174923183908,27.0,5.067492318390817,4652.572627816505:2453.786642591314:0.0
3.0,8.0,1646.67813110436,23.0,0.7781311043599419,4652.572627816505:2453.786642591314:0.0
3.0,7.0,1653.13251072624,18.0,6.382510726240165,4652.572627816505:2453.786642591314:0.0
2.0,5.0,1668.005334126441,20.0,3.955334126441243,4652.572627816505:2453.786642591314:0.0
3.0,7.0,1669.4191430257201,19.0,1.319143025720317,4652.572627816505:2453.786642591314:0.0
3.0,8.0,1670.411725769708,21.0,0.9117257697079388,4652.572627816505:2453.786642591314:0.0
2.0,5.0,1674.1239268693384,17.0,3.6239268693384448,4652.572627816505:2453.786642591314:0.0
2.0,5.0,1676.9435611406109,15.0,2.743561140610871,4652.572627816505:2453.786642591314:0.0
3.0,8.0,1680.9264140482308,23.0,3.926414048230746,4652.572627816505:2453.786642591314:0.0
2.0,5.0,1684.630680249602,13.0,3.6306802496018826,4652.572627816505:2453.786642591314:0.0
3.0,7.0,1686.7295692526352,21.0,2.0295692526350804,4652.572627816505:2453.786642591314:0.0
3.0,8.0,1689.1560960594402,11.0,2.3560960594401954,4652.572627816505:2453.786642591314:0.0
3.0,7.0,1691.1226383084143,18.0,1.8726383084143383,4652.572627816505:2453.786642591314:0.0
3.0,7.0,1695.0611641341393,12.0,3.8611641341392633,4652.572627816505:2453.786642591314:0.0
3.0,7.0,1700.791634187233,13.0,5.641634187233003,4652.572627816505:2453.786642591314:0.0
2.0,5.0,1705.8736148376727,20.0,4.823614837672807,4652.572627816505:2453.786642591314:0.0
3.0,8.0,1714.6940836415467,22.0,8.744083641546641,4652.572627816505:2453.786642591314:0.0
3.0,8.0,1725.3762325849577,21.0,10.626232584957728,4652.572627816505:2453.786642591314:0.0
2.0,5.0,1729.592973713619,18.0,4.142973713618904,4652.572627816505:2453.786642591314:0.0
2.0,5.0,1735.6450888429092,21.0,5.995088842909048,4652.572627816505:2453.786642591314:0.0
3.0,7.0,1737.2357319147409,19.0,1.5357319147408237,4652.572627816505:2453.786642591314:0.0
3.0,7.0,1738.7059566849339,23.0,1.4059566849339,4652.572627816505:2453.786642591314:0.0
3.0,8.0,1740.8085909262713,18.0,2.0085909262713884,4652.572627816505:2453.786642591314:0.0
3.0,7.0,1744.219863970077,23.0,3.3198639700768977,4652.572627816505:2453.786642591314:0.0
2.0,5.0,1745.115876878343,16.0,0.8158768783429786,4652.572627816505:2453.786642591314:0.0
3.0,8.0,1752.377160636482,24.0,3.277160636482096,4652.572627816505:2453.786642591314:0.0
3.0,8.0,1753.6609587168577,17.0,1.2109587168576763,4652.572627816505:2453.786642591314:0.0
3.0,7.0,1754.3393570585545,24.0,0.5893570585544123,4652.572627816505:2453.786642591314:0.0
2.0,5.0,1760.2213965578742,31.0,5.821396557873983,4652.572627816505:2453.786642591314:0.0
3.0,8.0,1761.6709473718452,21.0,1.3709473718451122,4652.572627816505:2453.786642591314:0.0
2.0,5.0,1768.2399321772766,9.0,6.489932177276659,4652.572627816505:2453.786642591314:0.0
3.0,8.0,1798.7118330058095,23.0,12.611833005809514,4652.572627816505:2453.786642591314:0.0
3.0,8.0,1800.5299362129572,22.0,1.7299362129571654,4652.572627816505:2453.786642591314:0.0
3.0,8.0,1806.2486113898067,15.0,5.648611389806758,4652.572627816505:2453.786642591314:0.0
3.0,7.0,1809.8232894394753,26.0,3.5232894394753753,4652.572627816505:2453.786642591314:0.0
2.0,5.0,1815.5192717270318,15.0,5.61927172703175,4652.572627816505:2453.786642591314:0.0
3.0,7.0,1816.21289737833,20.0,0.6128973783300606,4652.572627816505:2453.786642591314:0.0
3.0,8.0,1834.840543423169,16.0,0.6905434231688641,4652.572627816505:2453.786642591314:0.0
3.0,7.0,1836.2159801588243,20.0,1.3159801588241429,4652.572627816505:2453.786642591314:0.0
3.0,7.0,1838.9507364570338,23.0,2.650736457033881,4652.572627816505:2453.786642591314:0.0
2.0,5.0,1842.5430364789047,22.0,3.4930364789047537,4652.572627816505:2453.786642591314:0.0
3.0,8.0,1844.3117446974838,20.0,1.711744697483873,4652.572627816505:2453.786642591314:0.0
2.0,5.0,1851.5227974502277,19.0,7.1227974502275,4652.572627816505:2453.786642591314:0.0
2.0,5.0,1857.3154306128654,29.0,5.715430612865553,4652.572627816505:2453.786642591314:0.0
3.0,8.0,1858.670758248046,16.0,1.2707582480458983,4652.572627816505:2453.786642591314:0.0
3.0,7.0,1869.181618411525,23.0,10.431618411525026,4652.572627816505:2453.786642591314:0.0
3.0,8.0,1870.4085332565614,15.0,1.1585332565613289,4652.572627816505:2453.786642591314:0.0
3.0,8.0,1922.714743955442,26.0,3.514743955441792,4652.572627816505:2453.786642591314:0.0
2.0,5.0,1924.9686058390384,23.0,2.168605839038591,4652.572627816505:2453.786642591314:0.0
3.0,7.0,1927.2544844224626,15.0,2.2044844224626816,4652.572627816505:2453.786642591314:0.0
2.0,5.0,1936.9125064417035,21.0,9.562506441703574,4652.572627816505:2453.786642591314:0.0
3.0,7.0,1940.172563868797,17.0,3.1725638687969258,4652.572627816505:2453.786642591314:0.0
3.0,7.0,1945.479024495331,25.0,5.229024495331056,4652.572627816505:2453.786642591314:0.0
3.0,7.0,1945.9522181714028,16.0,0.4022181714028685,4652.572627816505:2453.786642591314:0.0
3.0,8.0,1948.3165970934272,18.0,2.266597093427117,4652.572627816505:2453.786642591314:0.0
3.0,7.0,1949.6548872165463,17.0,1.2548872165462979,4652.572627816505:2453.786642591314:0.0
3.0,7.0,1951.488521148087,17.0,1.7385211480871086,4652.572627816505:2453.786642591314:0.0
3.0,8.0,1952.9585520200324,18.0,1.4085520200323887,4652.572627816505:2453.786642591314:0.0
2.0,5.0,2005.7613823803727,21.0,1.5113823803725615,4652.572627816505:2453.786642591314:0.0
2.0,5.0,2012.4333953925811,25.0,6.583395392581259,4652.572627816505:2453.786642591314:0.0
2.0,5.0,2013.800100581948,15.0,1.3001005819480462,4652.572627816505:2453.786642591314:0.0
2.0,5.0,2016.6471393674108,29.0,2.747139367410628,4652.572627816505:2453.786642591314:0.0
2.0,5.0,2020.203037190341,19.0,3.5030371903411184,4652.572627816505:2453.786642591314:0.0
3.0,8.0,2023.7814859783057,25.0,3.481485978305693,4652.572627816505:2453.786642591314:0.0
2.0,5.0,2026.2549688821339,27.0,2.404968882133939,4652.572627816505:2453.786642591314:0.0
3.0,7.0,2033.956077095193,19.0,7.606077095193194,4652.572627816505:2453.786642591314:0.0
3.0,7.0,2036.538258352213,26.0,2.488258352213122,4652.572627816505:2453.786642591314:0.0
2.0,5.0,2039.476123365068,20.0,2.8761233650679205,4652.572627816505:2453.786642591314:0.0
3.0,7.0,2092.9211708322205,29.0,3.6211708322202005,4652.572627816505:2453.786642591314:0.0
3.0,8.0,2093.483032221629,21.0,0.4830322216287333,4652.572627816505:2453.786642591314:0.0
2.0,5.0,2096.1706948776605,22.0,2.620694877660442,4652.572627816505:2453.786642591314:0.0
3.0,8.0,2097.7256113246713,22.0,1.4756113246711098,4652.572627816505:2453.786642591314:0.0
3.0,8.0,2101.591466948112,21.0,3.7914669481119425,4652.572627816505:2453.786642591314:0.0
2.0,5.0,2103.7276790398532,20.0,2.0776790398532072,4652.572627816505:2453.786642591314:0.0
3.0,8.0,2105.627411723936,19.0,1.827411723935523,4652.572627816505:2453.786642591314:0.0
2.0,5.0,2112.826319472235,17.0,7.126319472234952,4652.572627816505:2453.786642591314:0.0
2.0,5.0,2114.718911887464,17.0,1.8189118874637336,4652.572627816505:2453.786642591314:0.0
3.0,7.0,2119.451144213417,26.0,4.65114421341697,4652.572627816505:2453.786642591314:0.0
2.0,5.0,2123.8897046049387,16.0,4.339704604938758,4652.572627816505:2453.786642591314:0.0
3.0,7.0,2124.346272258796,13.0,0.3962722587961148,4652.572627816505:2453.786642591314:0.0
3.0,7.0,2188.1148875591903,21.0,13.764887559190493,4652.572627816505:2453.786642591314:0.0
2.0,5.0,2192.4083648257283,26.0,4.208364825728423,4652.572627816505:2453.786642591314:0.0
3.0,8.0,2204.8237783074987,17.0,12.323778307498854,4652.572627816505:2453.786642591314:0.0
2.0,5.0,2206.889498881335,15.0,1.9894988813346777,4652.572627816505:2453.786642591314:0.0
3.0,8.0,2208.9028258224157,20.0,1.9528258224160397,4652.572627816505:2453.786642591314:0.0
3.0,8.0,2261.739457489694,18.0,2.339457489693883,4652.572627816505:2453.786642591314:0.0
3.0,8.0,2278.0609278979186,16.0,16.26092789791842,4652.572627816505:2453.786642591314:0.0
2.0,5.0,2280.18447753732,21.0,2.0344775373202144,4652.572627816505:2453.786642591314:0.0
3.0,7.0,2282.8019352676088,27.0,2.551935267608773,4652.572627816505:2453.786642591314:0.0
3.0,7.0,2286.875008813823,21.0,3.975008813822976,4652.572627816505:2453.786642591314:0.0
3.0,8.0,2290.2940318844203,17.0,3.344031884420683,4652.572627816505:2453.786642591314:0.0
2.0,5.0,2290.908888692273,19.0,0.5588886922734835,4652.572627816505:2453.786642591314:0.0
3.0,7.0,2293.7961451580613,22.0,2.796145158061302,4652.572627816505:2453.786642591314:0.0
3.0,8.0,2348.205093043608,24.0,3.7550930436081402,4652.572627816505:2453.786642591314:0.0
3.0,7.0,2350.887841001443,24.0,2.587841001443061,4652.572627816505:2453.786642591314:0.0
3.0,8.0,2352.772942593024,25.0,1.8229425930240535,4652.572627816505:2453.786642591314:0.0
2.0,5.0,2353.614432213681,17.0,0.7644322136812394,4652.572627816505:2453.786642591314:0.0
3.0,7.0,2359.6097536352936,24.0,5.909753635293601,4652.572627816505:2453.786642591314:0.0
3.0,7.0,2362.5543986872617,15.0,2.8543986872620635,4652.572627816505:2453.786642591314:0.0
2.0,5.0,2365.2082958668993,24.0,2.5582958668993423,4652.572627816505:2453.786642591314:0.0
3.0,7.0,2367.6401120434707,19.0,2.3401120434704517,4652.572627816505:2453.786642591314:0.0
3.0,7.0,2369.4915883271196,22.0,1.7915883271200141,4652.572627816505:2453.786642591314:0.0
3.0,7.0,2370.831815932213,23.0,1.2818159322128035,4652.572627816505:2453.786642591314:0.0
3.0,7.0,2374.0850690499497,23.0,3.1850690499494383,4652.572627816505:2453.786642591314:0.0
3.0,7.0,2376.467960123604,15.0,2.3179601236036667,4652.572627816505:2453.786642591314:0.0
3.0,8.0,2377.5181917641303,28.0,0.9681917641299773,4652.572627816505:2453.786642591314:0.0
3.0,8.0,2421.043266066171,25.0,604.743266066171,4652.572627816505:2453.786642591314:0.0
2.0,5.0,2425.5781181274588,28.0,4.4781181274587425,4652.572627816505:2453.786642591314:0.0
3.0,7.0,2435.0652453840225,12.0,5.56524538402242,4652.572627816505:2453.786642591314:0.0
2.0,5.0,2436.479146570656,16.0,1.3291465706559782,4652.572627816505:2453.786642591314:0.0
2.0,5.0,2437.997515010986,19.0,1.4475150109854673,4652.572627816505:2453.786642591314:0.0
3.0,7.0,2440.629222530516,16.0,2.579222530515814,4652.572627816505:2453.786642591314:0.0
2.0,5.0,2443.0241578443797,18.0,2.324157844379935,4652.572627816505:2453.786642591314:0.0
3.0,7.0,2448.797276602626,24.0,5.697276602625993,4652.572627816505:2453.786642591314:0.0
3.0,7.0,2451.9264125012683,26.0,3.0764125012684413,4652.572627816505:2453.786642591314:0.0
2.0,5.0,2460.988210062255,21.0,8.988210062254952,4652.572627816505:2453.786642591314:0.0
3.0,7.0,2462.6965844427355,24.0,1.646584442735106,4652.572627816505:2453.786642591314:0.0
3.0,7.0,2463.896591027308,14.0,1.1465910273079893,4652.572627816505:2453.786642591314:0.0
3.0,8.0,2465.9145332183366,17.0,1.9645332183369895,4652.572627816505:2453.786642591314:0.0
3.0,8.0,2470.89540435146,20.0,4.395404351459782,4652.572627816505:2453.786642591314:0.0
3.0,8.0,2475.860359431953,20.0,4.910359431953201,4652.572627816505:2453.786642591314:0.0
3.0,7.0,2477.8719674382496,26.0,1.9219674382498344,4652.572627816505:2453.786642591314:0.0
3.0,8.0,2484.298184469238,20.0,6.348184469238374,4652.572627816505:2453.786642591314:0.0
3.0,7.0,2485.465486364643,17.0,1.115486364642931,4652.572627816505:2453.786642591314:0.0
2.0,5.0,2486.617123338987,15.0,1.0671233389865185,4652.572627816505:2453.786642591314:0.0
3.0,8.0,2489.3129450250663,21.0,2.6129450250665354,4652.572627816505:2453.786642591314:0.0
3.0,7.0,2490.654440894149,27.0,1.254440894148734,4652.572627816505:2453.786642591314:0.0
3.0,7.0,2496.9509308753973,17.0,6.20093087539732,4652.572627816505:2453.786642591314:0.0
3.0,8.0,2517.7472212326093,17.0,3.1972212326091243,4652.572627816505:2453.786642591314:0.0
3.0,8.0,2519.3538000143576,26.0,1.553800014357411,4652.572627816505:2453.786642591314:0.0
2.0,5.0,2520.4096827127887,22.0,0.9596827127886758,4652.572627816505:2453.786642591314:0.0
3.0,8.0,2538.2873927651235,23.0,17.78739276512365,4652.572627816505:2453.786642591314:0.0
3.0,8.0,2538.6938589924853,22.0,0.3438589924852772,4652.572627816505:2453.786642591314:0.0
3.0,7.0,2543.2503360365768,18.0,4.500336036576716,4652.572627816505:2453.786642591314:0.0
3.0,7.0,2544.3125726305016,17.0,0.9625726305017084,4652.572627816505:2453.786642591314:0.0
2.0,5.0,2548.5234497429583,18.0,4.123449742958156,4652.572627816505:2453.786642591314:0.0
2.0,5.0,2571.6437996488085,21.0,20.093799648808417,4652.572627816505:2453.786642591314:0.0
3.0,7.0,2601.8324558752506,18.0,2.232455875250564,4652.572627816505:2453.786642591314:0.0
3.0,8.0,2603.943700054177,14.0,2.0437000541769255,4652.572627816505:2453.786642591314:0.0
3.0,7.0,2604.900802741042,26.0,0.900802741041915,4652.572627816505:2453.786642591314:0.0
3.0,8.0,2606.908491536523,31.0,1.9084915365228043,4652.572627816505:2453.786642591314:0.0
2.0,5.0,2608.9401834925425,25.0,1.9401834925425072,4652.572627816505:2453.786642591314:0.0
3.0,8.0,2611.6279481361084,14.0,2.6279481361086003,4652.572627816505:2453.786642591314:0.0
3.0,7.0,2618.713942271728,12.0,7.013942271727988,4652.572627816505:2453.786642591314:0.0
3.0,8.0,2628.236453808498,14.0,9.436453808497806,4652.572627816505:2453.786642591314:0.0
3.0,7.0,2633.5749654301785,23.0,5.274965430178508,4652.572627816505:2453.786642591314:0.0
3.0,7.0,2639.0670338338464,17.0,2.4670338338464193,4652.572627816505:2453.786642591314:0.0
3.0,8.0,2642.558372592842,15.0,3.4083725928416535,4652.572627816505:2453.786642591314:0.0
2.0,5.0,2650.8869599903273,17.0,8.23695999032733,4652.572627816505:2453.786642591314:0.0
3.0,7.0,2654.110385490425,20.0,3.1603854904252118,4652.572627816505:2453.786642591314:0.0
3.0,8.0,2656.8600986211677,25.0,2.6600986211678768,4652.572627816505:2453.786642591314:0.0
3.0,7.0,2660.3081034849365,15.0,3.3581034849366658,4652.572627816505:2453.786642591314:0.0
3.0,8.0,2685.9386130299004,10.0,1.288613029900421,4652.572627816505:2453.786642591314:0.0
3.0,7.0,2687.850050524918,14.0,1.8500505249179362,4652.572627816505:2453.786642591314:0.0
2.0,5.0,2693.344281281364,15.0,5.394281281364182,4652.572627816505:2453.786642591314:0.0
3.0,7.0,2696.714666384869,16.0,3.3146663848690125,4652.572627816505:2453.786642591314:0.0
3.0,8.0,2698.3446050935636,23.0,1.544605093563333,4652.572627816505:2453.786642591314:0.0
2.0,5.0,2700.3191245788025,22.0,1.9191245788023616,4652.572627816505:2453.786642591314:0.0
2.0,5.0,2714.354160141001,13.0,13.954160141001,4652.572627816505:2453.786642591314:0.0
3.0,8.0,2716.974887413088,17.0,2.5248874130880754,4652.572627816505:2453.786642591314:0.0
3.0,8.0,2773.1689469172316,20.0,3.4689469172315954,4652.572627816505:2453.786642591314:0.0
3.0,8.0,2775.4233015895306,13.0,2.1733015895305527,4652.572627816505:2453.786642591314:0.0
3.0,7.0,2777.6106707864938,14.0,2.110670786493635,4652.572627816505:2453.786642591314:0.0
3.0,7.0,2780.275181365669,12.0,2.5751813656691205,4652.572627816505:2453.786642591314:0.0
3.0,7.0,2782.2163599504697,20.0,1.8663599504699058,4652.572627816505:2453.786642591314:0.0
3.0,8.0,2784.539752741296,31.0,2.239752741295831,4652.572627816505:2453.786642591314:0.0
3.0,8.0,2787.697416266626,19.0,3.0974162666263414,4652.572627816505:2453.786642591314:0.0
2.0,5.0,2790.9136654664103,20.0,3.1636654664100905,4652.572627816505:2453.786642591314:0.0
3.0,7.0,2792.1572465540853,23.0,1.1572465540853645,4652.572627816505:2453.786642591314:0.0
2.0,5.0,2795.3595466301254,11.0,3.109546630125384,4652.572627816505:2453.786642591314:0.0
2.0,5.0,2801.503521245534,20.0,6.0535212455342124,4652.572627816505:2453.786642591314:0.0
3.0,7.0,2805.1645180304354,26.0,3.564518030435645,4652.572627816505:2453.786642591314:0.0
3.0,7.0,2806.4196394337173,23.0,1.1696394337172482,4652.572627816505:2453.786642591314:0.0
3.0,7.0,2814.5851551914297,13.0,154.18515519142983,4652.572627816505:2453.786642591314:0.0
3.0,8.0,2817.42721098133,26.0,2.77721098132979,4652.572627816505:2453.786642591314:0.0
3.0,8.0,2825.442257458131,24.0,7.942257458130835,4652.572627816505:2453.786642591314:0.0
2.0,5.0,2829.0223186442345,22.0,3.52231864423438,4652.572627816505:2453.786642591314:0.0
3.0,7.0,2830.245644580631,17.0,1.145644580631315,4652.572627816505:2453.786642591314:0.0
2.0,5.0,2832.340855941258,19.0,2.040855941257651,4652.572627816505:2453.786642591314:0.0
3.0,8.0,2840.2921931454607,20.0,7.892193145460439,4652.572627816505:2453.786642591314:0.0
2.0,5.0,2842.8209334814933,18.0,2.470933481493354,4652.572627816505:2453.786642591314:0.0
3.0,8.0,2846.577925898136,17.0,3.6779258981360394,4652.572627816505:2453.786642591314:0.0
3.0,7.0,2847.2469920508,22.0,0.5969920508000357,4652.572627816505:2453.786642591314:0.0
2.0,5.0,2847.9605045387175,25.0,0.6605045387173628,4652.572627816505:2453.786642591314:0.0
2.0,5.0,2850.5999451303114,28.0,2.549945130311156,4652.572627816505:2453.786642591314:0.0
3.0,8.0,2855.8942744595115,22.0,1.1442744595114152,4652.572627816505:2453.786642591314:0.0
3.0,8.0,2860.987122223911,18.0,5.037122223911102,4652.572627816505:2453.786642591314:0.0
3.0,7.0,2862.5629771225767,21.0,1.512977122576482,4652.572627816505:2453.786642591314:0.0
3.0,8.0,2866.911970578747,24.0,4.2619705787469,4652.572627816505:2453.786642591314:0.0
3.0,8.0,2873.7011184133203,16.0,6.701118413320197,4652.572627816505:2453.786642591314:0.0
3.0,8.0,2877.8968164001894,22.0,4.09681640018905,4652.572627816505:2453.786642591314:0.0
3.0,8.0,2880.0284429069934,22.0,2.078442906993704,4652.572627816505:2453.786642591314:0.0
3.0,8.0,2880.9653849125216,14.0,0.8653849125217319,4652.572627816505:2453.786642591314:0.0
2.0,5.0,2884.2589913529537,18.0,3.208991352953538,4652.572627816505:2453.786642591314:0.0
3.0,7.0,2885.709128832317,23.0,1.3591288323171906,4652.572627816505:2453.786642591314:0.0
3.0,7.0,2889.0148833584285,19.0,3.2148833584283816,4652.572627816505:2453.786642591314:0.0
3.0,7.0,2890.139745871123,22.0,1.0397458711230438,4652.572627816505:2453.786642591314:0.0
3.0,8.0,2898.965129743747,14.0,7.215129743747266,4652.572627816505:2453.786642591314:0.0
3.0,7.0,2900.9669918427207,27.0,1.9169918427206698,4652.572627816505:2453.786642591314:0.0
3.0,7.0,2902.2917994331533,21.0,1.2417994331529414,4652.572627816505:2453.786642591314:0.0
3.0,8.0,2903.6329363738714,18.0,1.2829363738715647,4652.572627816505:2453.786642591314:0.0
3.0,8.0,2905.1128057257038,18.0,1.412805725703969,4652.572627816505:2453.786642591314:0.0
2.0,5.0,2906.3180201642976,25.0,1.1180201642979901,4652.572627816505:2453.786642591314:0.0
3.0,8.0,2941.866141615904,17.0,2.0661416159034798,4652.572627816505:2453.786642591314:0.0
3.0,8.0,2944.927136431181,18.0,2.9771364311815844,4652.572627816505:2453.786642591314:0.0
3.0,8.0,2947.8846407593787,29.0,2.884640759378837,4652.572627816505:2453.786642591314:0.0
2.0,5.0,2955.892386636961,33.0,7.942386636961195,4652.572627816505:2453.786642591314:0.0
3.0,8.0,2956.224394176905,24.0,0.27439417690559753,4652.572627816505:2453.786642591314:0.0
3.0,8.0,2957.017100745056,24.0,0.7171007450555165,4652.572627816505:2453.786642591314:0.0
3.0,7.0,2960.885730156512,23.0,3.785730156512431,4652.572627816505:2453.786642591314:0.0
3.0,7.0,2962.6559495484594,26.0,1.7059495484594658,4652.572627816505:2453.786642591314:0.0
3.0,8.0,2964.793387521668,14.0,2.04338752166825,4652.572627816505:2453.786642591314:0.0
2.0,5.0,2967.1093781899126,13.0,2.259378189912752,4652.572627816505:2453.786642591314:0.0
3.0,7.0,2969.534736240403,21.0,2.334736240403121,4652.572627816505:2453.786642591314:0.0
3.0,7.0,2972.221383582925,21.0,2.6213835829248806,4652.572627816505:2453.786642591314:0.0
3.0,8.0,2974.2183629221126,16.0,1.9183629221123142,4652.572627816505:2453.786642591314:0.0
3.0,8.0,2978.0857080051214,23.0,1.2857080051210876,4652.572627816505:2453.786642591314:0.0
3.0,7.0,2987.6532776404392,32.0,9.503277640438967,4652.572627816505:2453.786642591314:0.0
2.0,5.0,2994.155757272693,23.0,6.405757272692731,4652.572627816505:2453.786642591314:0.0
2.0,5.0,2998.501960882536,28.0,4.251960882536007,4652.572627816505:2453.786642591314:0.0
3.0,8.0,2999.5793637896118,18.0,0.9793637896119565,4652.572627816505:2453.786642591314:0.0
3.0,8.0,3000.8140708108413,24.0,1.1640708108412536,4652.572627816505:2453.786642591314:0.0
3.0,7.0,3004.9740618608166,25.0,4.0740618608165144,4652.572627816505:2453.786642591314:0.0
3.0,7.0,3027.5205570463304,20.0,2.6705570463305572,4652.572627816505:2453.786642591314:0.0
3.0,7.0,3048.3641228441174,30.0,20.764122844117317,4652.572627816505:2453.786642591314:0.0
3.0,8.0,3052.4562582623794,24.0,4.00625826237943,4652.572627816505:2453.786642591314:0.0
3.0,8.0,3054.514479871993,23.0,1.9644798719926595,4652.572627816505:2453.786642591314:0.0
2.0,5.0,3070.0278819715713,14.0,8.177881971571201,4652.572627816505:2453.786642591314:0.0
2.0,5.0,3072.063793481061,13.0,1.9637934810613953,4652.572627816505:2453.786642591314:0.0
3.0,8.0,3078.280182815656,14.0,6.130182815655894,4652.572627816505:2453.786642591314:0.0
3.0,8.0,3083.9505051059496,19.0,5.600505105949828,4652.572627816505:2453.786642591314:0.0
2.0,5.0,3093.8611960911103,18.0,9.811196091109922,4652.572627816505:2453.786642591314:0.0
3.0,8.0,3096.286066010474,21.0,2.3360660104742084,4652.572627816505:2453.786642591314:0.0
2.0,5.0,3098.048263380863,23.0,1.698263380862751,4652.572627816505:2453.786642591314:0.0
2.0,5.0,3100.0516778904716,15.0,1.9516778904717877,4652.572627816505:2453.786642591314:0.0
3.0,8.0,3103.0572610325726,21.0,2.9072610325725394,4652.572627816505:2453.786642591314:0.0
2.0,5.0,3114.8375831501326,20.0,4.937583150132282,4652.572627816505:2453.786642591314:0.0
2.0,5.0,3122.8682077126455,20.0,7.968207712645607,4652.572627816505:2453.786642591314:0.0
3.0,7.0,3125.8112854639253,19.0,2.8612854639254373,4652.572627816505:2453.786642591314:0.0
3.0,7.0,3126.4053645105246,30.0,0.5053645105244704,4652.572627816505:2453.786642591314:0.0
3.0,7.0,3128.7901997842014,20.0,2.290199784201258,4652.572627816505:2453.786642591314:0.0
2.0,5.0,3130.1119944674065,22.0,1.261994467406397,4652.572627816505:2453.786642591314:0.0
2.0,5.0,3134.639073443829,20.0,4.439073443829323,4652.572627816505:2453.786642591314:0.0
3.0,8.0,3137.76457491534,24.0,3.0645749153399158,4652.572627816505:2453.786642591314:0.0
2.0,5.0,3149.6020722132016,20.0,2.7020722132013604,4652.572627816505:2453.786642591314:0.0
3.0,8.0,3161.1188120735023,15.0,11.418812073502728,4652.572627816505:2453.786642591314:0.0
2.0,5.0,3171.503875765474,26.0,10.30387576547408,4652.572627816505:2453.786642591314:0.0
3.0,8.0,3174.2654297940917,17.0,2.665429794091699,4652.572627816505:2453.786642591314:0.0
2.0,5.0,3194.585258809479,16.0,20.23525880947924,4652.572627816505:2453.786642591314:0.0
2.0,5.0,3207.456779708959,10.0,12.506779708959195,4652.572627816505:2453.786642591314:0.0
3.0,7.0,3212.9497913097225,23.0,5.399791309722285,4652.572627816505:2453.786642591314:0.0
2.0,5.0,3214.2326291482527,21.0,1.2326291482525562,4652.572627816505:2453.786642591314:0.0
3.0,7.0,3216.809899243128,24.0,2.509899243127549,4652.572627816505:2453.786642591314:0.0
3.0,7.0,3220.861072997194,26.0,3.9610729971939174,4652.572627816505:2453.786642591314:0.0
3.0,8.0,3223.412237297301,28.0,2.462237297301273,4652.572627816505:2453.786642591314:0.0
2.0,5.0,3224.9085731073433,17.0,1.4085731073434633,4652.572627816505:2453.786642591314:0.0
3.0,8.0,3226.750453807407,20.0,1.7504538074072171,4652.572627816505:2453.786642591314:0.0
2.0,5.0,3229.932735612206,14.0,3.082735612206253,4652.572627816505:2453.786642591314:0.0
2.0,5.0,3234.106546809921,15.0,2.1565468099210627,4652.572627816505:2453.786642591314:0.0
3.0,8.0,3235.541111022241,17.0,1.3411110222410367,4652.572627816505:2453.786642591314:0.0
2.0,5.0,3242.5492151612375,29.0,6.949215161237586,4652.572627816505:2453.786642591314:0.0
2.0,5.0,3249.7533661126126,17.0,7.153366112612579,4652.572627816505:2453.786642591314:0.0
2.0,5.0,3281.124765364075,23.0,1.1247653640749802,4652.572627816505:2453.786642591314:0.0
3.0,7.0,3285.2233334248276,17.0,4.023333424827602,4652.572627816505:2453.786642591314:0.0
3.0,8.0,3288.073371909626,21.0,2.773371909626102,4652.572627816505:2453.786642591314:0.0
3.0,8.0,3290.4232896773296,22.0,2.273289677329351,4652.572627816505:2453.786642591314:0.0
2.0,5.0,3293.2568369101336,19.0,2.756836910133756,4652.572627816505:2453.786642591314:0.0
3.0,8.0,3296.1490147816558,21.0,2.7990147816558135,4652.572627816505:2453.786642591314:0.0
3.0,8.0,3297.7877028077874,16.0,1.5877028077876816,4652.572627816505:2453.786642591314:0.0
3.0,8.0,3299.8734710080585,26.0,2.0234710080585736,4652.572627816505:2453.786642591314:0.0
2.0,5.0,3302.2018950977376,21.0,2.251895097737674,4652.572627816505:2453.786642591314:0.0
2.0,5.0,3303.9434080176993,20.0,1.6434080176989283,4652.572627816505:2453.786642591314:0.0
3.0,7.0,3308.0482880633485,14.0,4.048288063348618,4652.572627816505:2453.786642591314:0.0
3.0,7.0,3311.2667646349564,30.0,3.1667646349567256,4652.572627816505:2453.786642591314:0.0
3.0,8.0,3311.912693777196,18.0,0.5626937771964753,4652.572627816505:2453.786642591314:0.0
3.0,7.0,3312.71403605786,20.0,0.7140360578600948,4652.572627816505:2453.786642591314:0.0
3.0,8.0,3313.2064477933027,17.0,0.406447793302659,4652.572627816505:2453.786642591314:0.0
3.0,7.0,3313.9152476283216,16.0,0.6152476283214219,4652.572627816505:2453.786642591314:0.0
2.0,5.0,3318.2246912141445,22.0,1.2246912141443334,4652.572627816505:2453.786642591314:0.0
3.0,8.0,3323.1960348417188,18.0,4.8960348417185795,4652.572627816505:2453.786642591314:0.0
3.0,7.0,3325.9694535800754,21.0,2.7194535800755135,4652.572627816505:2453.786642591314:0.0
2.0,5.0,3334.976899293532,12.0,8.926899293531719,4652.572627816505:2453.786642591314:0.0
3.0,8.0,3336.94064071548,24.0,1.8906407154798421,4652.572627816505:2453.786642591314:0.0
3.0,7.0,3344.177027128772,23.0,7.17702712877191,4652.572627816505:2453.786642591314:0.0
3.0,8.0,3344.981108085563,26.0,0.731108085563005,4652.572627816505:2453.786642591314:0.0
3.0,8.0,3367.4552062255625,13.0,2.405206225562531,4652.572627816505:2453.786642591314:0.0
3.0,8.0,3378.5341349309865,21.0,10.984134930986384,4652.572627816505:2453.786642591314:0.0
3.0,8.0,3380.076537055282,36.0,1.4765370552823547,4652.572627816505:2453.786642591314:0.0
2.0,5.0,3384.574684491523,13.0,4.424684491522635,4652.572627816505:2453.786642591314:0.0
3.0,8.0,3388.1419382011554,19.0,3.491938201155355,4652.572627816505:2453.786642591314:0.0
3.0,8.0,3391.4996221272477,15.0,3.299622127247891,4652.572627816505:2453.786642591314:0.0
3.0,8.0,3392.963170853867,22.0,1.4131708538664236,4652.572627816505:2453.786642591314:0.0
3.0,8.0,3449.668433628239,27.0,104.61843362823912,4652.572627816505:2453.786642591314:0.0
2.0,5.0,3453.1106445708424,23.0,3.010644570842506,4652.572627816505:2453.786642591314:0.0
3.0,7.0,3458.0283778160715,28.0,4.828377816071581,4652.572627816505:2453.786642591314:0.0
3.0,8.0,3460.3805252620386,16.0,2.28052526203861,4652.572627816505:2453.786642591314:0.0
3.0,8.0,3464.389241490609,20.0,3.9392414906090307,4652.572627816505:2453.786642591314:0.0
2.0,5.0,3465.5070169396695,20.0,1.0570169396696092,4652.572627816505:2453.786642591314:0.0
3.0,8.0,3469.478558216632,26.0,3.878558216632196,4652.572627816505:2453.786642591314:0.0
3.0,8.0,3472.4273143692876,17.0,2.877314369287534,4652.572627816505:2453.786642591314:0.0
3.0,7.0,3473.990306965246,18.0,1.4903069652457448,4652.572627816505:2453.786642591314:0.0
3.0,8.0,3474.9700133216993,15.0,0.9200133216991633,4652.572627816505:2453.786642591314:0.0
2.0,5.0,3478.235511915418,15.0,3.1855119154180405,4652.572627816505:2453.786642591314:0.0
2.0,5.0,3487.8319785000253,25.0,0.7319785000254488,4652.572627816505:2453.786642591314:0.0
3.0,7.0,3495.0260119249424,27.0,7.1260119249424125,4652.572627816505:2453.786642591314:0.0
2.0,5.0,3499.287296780303,30.0,4.18729678030316,4652.572627816505:2453.786642591314:0.0
3.0,7.0,3509.157578704322,12.0,9.807578704322012,4652.572627816505:2453.786642591314:0.0
3.0,7.0,3511.9937727132437,22.0,2.7437727132436374,4652.572627816505:2453.786642591314:0.0
3.0,7.0,3515.8307038468824,25.0,3.7807038468822642,4652.572627816505:2453.786642591314:0.0
3.0,7.0,3537.0376610779986,16.0,1.8876610779983496,4652.572627816505:2453.786642591314:0.0
3.0,8.0,3539.538169900271,25.0,2.438169900271256,4652.572627816505:2453.786642591314:0.0
2.0,5.0,3541.7130913769283,18.0,2.113091376928391,4652.572627816505:2453.786642591314:0.0
3.0,8.0,3550.2115132785116,22.0,8.411513278511347,4652.572627816505:2453.786642591314:0.0
2.0,5.0,3551.492252810804,19.0,1.1922528108040447,4652.572627816505:2453.786642591314:0.0
3.0,8.0,3557.974976731232,22.0,6.424976731231566,4652.572627816505:2453.786642591314:0.0
3.0,8.0,3559.8493945186997,21.0,1.7993945186992784,4652.572627816505:2453.786642591314:0.0
3.0,8.0,3561.793705369045,21.0,1.893705369044898,4652.572627816505:2453.786642591314:0.0
2.0,5.0,3564.163939794052,16.0,2.313939794052252,4652.572627816505:2453.786642591314:0.0
2.0,5.0,3567.5604789962563,18.0,3.310478996256075,4652.572627816505:2453.786642591314:0.0
3.0,7.0,3570.275143158251,19.0,2.6251431582510385,4652.572627816505:2453.786642591314:0.0
3.0,7.0,3621.302604627336,13.0,1.1026046273363794,4652.572627816505:2453.786642591314:0.0
3.0,7.0,3624.237705965006,16.0,2.8377059650059167,4652.572627816505:2453.786642591314:0.0
3.0,8.0,3631.1418695741536,26.0,6.8418695741534075,4652.572627816505:2453.786642591314:0.0
3.0,7.0,3633.822386744426,24.0,2.6223867444257793,4652.572627816505:2453.786642591314:0.0
3.0,8.0,3634.559892609227,21.0,0.6598926092271589,4652.572627816505:2453.786642591314:0.0
3.0,7.0,3645.2590751362995,14.0,10.609075136299394,4652.572627816505:2453.786642591314:0.0
3.0,7.0,3647.7791451494454,19.0,2.4291451494455454,4652.572627816505:2453.786642591314:0.0
3.0,8.0,3648.7557338618794,12.0,0.9057338618795032,4652.572627816505:2453.786642591314:0.0
3.0,8.0,3653.160213556735,30.0,4.310213556734916,4652.572627816505:2453.786642591314:0.0
3.0,8.0,3701.65630562956,18.0,185.75630562956007,4652.572627816505:2453.786642591314:0.0
2.0,5.0,3703.607033863151,15.0,1.8570338631512149,4652.572627816505:2453.786642591314:0.0
2.0,5.0,3727.8080348229505,18.0,22.558034822950454,4652.572627816505:2453.786642591314:0.0
2.0,5.0,3730.1545299700465,24.0,2.2545299700463657,4652.572627816505:2453.786642591314:0.0
3.0,8.0,3732.303337110283,22.0,2.0533371102830182,4652.572627816505:2453.786642591314:0.0
3.0,7.0,3736.92358341364,21.0,4.523583413639842,4652.572627816505:2453.786642591314:0.0
3.0,7.0,3740.6664786599235,19.0,3.6664786599236514,4652.572627816505:2453.786642591314:0.0
2.0,5.0,3761.3534383313513,11.0,19.103438331351274,4652.572627816505:2453.786642591314:0.0
3.0,7.0,3769.998389953534,23.0,8.548389953534155,4652.572627816505:2453.786642591314:0.0
2.0,5.0,3781.0468104806505,20.0,10.996810480650511,4652.572627816505:2453.786642591314:0.0
3.0,8.0,3792.1195876709467,25.0,1.819587670946293,4652.572627816505:2453.786642591314:0.0
3.0,7.0,3796.065903037904,18.0,3.865903037903795,4652.572627816505:2453.786642591314:0.0
3.0,8.0,3801.1920738311806,17.0,5.042073831180304,4652.572627816505:2453.786642591314:0.0
2.0,5.0,3802.7151327034094,20.0,1.4651327034093857,4652.572627816505:2453.786642591314:0.0
3.0,7.0,3804.387639192743,15.0,1.5876391927427285,4652.572627816505:2453.786642591314:0.0
2.0,5.0,3806.6365494551974,19.0,2.1865494551976887,4652.572627816505:2453.786642591314:0.0
3.0,8.0,3810.5723985154464,17.0,3.8723985154467147,4652.572627816505:2453.786642591314:0.0
3.0,8.0,3813.4308000697697,12.0,2.7808000697696094,4652.572627816505:2453.786642591314:0.0
2.0,5.0,3815.2344043032817,26.0,1.734404303281961,4652.572627816505:2453.786642591314:0.0
3.0,7.0,3818.6666147050505,23.0,3.366614705050536,4652.572627816505:2453.786642591314:0.0
3.0,7.0,3823.3373423928742,17.0,4.587342392874186,4652.572627816505:2453.786642591314:0.0
3.0,7.0,3864.254895628528,17.0,36.954895628527964,4652.572627816505:2453.786642591314:0.0
3.0,8.0,3876.9561264824392,16.0,1.6061264824393409,4652.572627816505:2453.786642591314:0.0
3.0,7.0,3877.5768566718048,20.0,0.5268566718046146,4652.572627816505:2453.786642591314:0.0
2.0,5.0,3880.5492443863373,24.0,2.899244386337337,4652.572627816505:2453.786642591314:0.0
3.0,8.0,3884.586758280217,15.0,3.986758280216999,4652.572627816505:2453.786642591314:0.0
